{"cameraMode":{"drawMode":0,"name":"Shaded","section":"Shading Mode"},"sceneLighting":true,"audioPlay":false,"sceneViewState":{"showFog":true,"showMaterialUpdate":true,"showSkybox":true,"showFlares":true,"showImageEffects":true,"showParticleSystems":true},"in2DMode":false,"pivot":{"x":472.06494140625,"y":485.31402587890627,"z":-52.04304122924805},"rotation":{"x":-0.11494142562150955,"y":0.010124468244612217,"z":-0.0011729412944987417,"w":-0.9933357834815979},"size":1470.4432373046875,"orthographic":false}