{"cameraMode":{"drawMode":0,"name":"Shaded","section":"Shading Mode"},"sceneLighting":true,"audioPlay":false,"sceneViewState":{"showFog":true,"showMaterialUpdate":true,"showSkybox":true,"showFlares":true,"showImageEffects":true,"showParticleSystems":true},"in2DMode":false,"pivot":{"x":428.1955871582031,"y":355.92706298828127,"z":483.46575927734377},"rotation":{"x":0.11149320006370545,"y":0.1544106900691986,"z":-0.01752488501369953,"w":0.9815624952316284},"size":1001.7081298828125,"orthographic":false}