{"cameraMode":{"drawMode":0,"name":"Shaded","section":"Shading Mode"},"sceneLighting":true,"audioPlay":false,"sceneViewState":{"showFog":true,"showMaterialUpdate":true,"showSkybox":true,"showFlares":true,"showImageEffects":true,"showParticleSystems":true},"in2DMode":false,"pivot":{"x":-17.783018112182618,"y":1.74978506565094,"z":-245.77835083007813},"rotation":{"x":-0.10175183415412903,"y":-0.7022680640220642,"z":0.10245766490697861,"w":-0.6971666812896729},"size":3.0223803520202638,"orthographic":false}