{"cameraMode":{"drawMode":0,"name":"Shaded","section":"Shading Mode"},"sceneLighting":true,"audioPlay":false,"sceneViewState":{"showFog":true,"showMaterialUpdate":true,"showSkybox":true,"showFlares":true,"showImageEffects":true,"showParticleSystems":true},"in2DMode":false,"pivot":{"x":496.2978515625,"y":-293.30322265625,"z":1119.841796875},"rotation":{"x":0.1414310783147812,"y":0.013187521137297154,"z":-0.0018210099078714848,"w":0.9899875521659851},"size":1177.724853515625,"orthographic":false}