{"cameraMode":{"drawMode":0,"name":"Shaded","section":"Shading Mode"},"sceneLighting":false,"audioPlay":false,"sceneViewState":{"showFog":true,"showMaterialUpdate":false,"showSkybox":false,"showFlares":true,"showImageEffects":true,"showParticleSystems":true},"in2DMode":false,"pivot":{"x":3.4828829765319826,"y":0.7789897918701172,"z":-0.2165709286928177},"rotation":{"x":0.0843072384595871,"y":0.7240995168685913,"z":-0.08995869755744934,"w":0.6786125302314758},"size":0.37359386682510378,"orthographic":false}