{"cameraMode":{"drawMode":0,"name":"Shaded","section":"Shading Mode"},"sceneLighting":false,"audioPlay":false,"sceneViewState":{"showFog":true,"showMaterialUpdate":true,"showSkybox":false,"showFlares":true,"showImageEffects":true,"showParticleSystems":true},"in2DMode":false,"pivot":{"x":-19.49858283996582,"y":1.2583568096160889,"z":-246.23060607910157},"rotation":{"x":-0.19541458785533906,"y":-0.083785779774189,"z":0.01674034632742405,"w":-0.9770422577857971},"size":0.551730751991272,"orthographic":false}