{"cameraMode":{"drawMode":0,"name":"Shaded","section":"Shading Mode"},"sceneLighting":true,"audioPlay":false,"sceneViewState":{"showFog":true,"showMaterialUpdate":true,"showSkybox":true,"showFlares":true,"showImageEffects":true,"showParticleSystems":true},"in2DMode":false,"pivot":{"x":546.4848022460938,"y":21.784576416015626,"z":254.5386505126953},"rotation":{"x":0.2082454264163971,"y":-0.4213370382785797,"z":0.10001274943351746,"w":0.8770891427993774},"size":281.608642578125,"orthographic":false}