{"cameraMode":{"drawMode":0,"name":"Shaded","section":"Shading Mode"},"sceneLighting":true,"audioPlay":false,"sceneViewState":{"showFog":true,"showMaterialUpdate":true,"showSkybox":true,"showFlares":true,"showImageEffects":true,"showParticleSystems":true},"in2DMode":false,"pivot":{"x":-19.35909652709961,"y":-0.03916258364915848,"z":-246.01829528808595},"rotation":{"x":0.3979860842227936,"y":0.5741259455680847,"z":-0.3748331367969513,"w":0.6095739006996155},"size":3.1885268688201906,"orthographic":false}