{"cameraMode":{"drawMode":0,"name":"Shaded","section":"Shading Mode"},"sceneLighting":true,"audioPlay":false,"sceneViewState":{"showFog":true,"showMaterialUpdate":true,"showSkybox":true,"showFlares":true,"showImageEffects":true,"showParticleSystems":true},"in2DMode":false,"pivot":{"x":600.755126953125,"y":30.63008689880371,"z":169.14283752441407},"rotation":{"x":-0.2055109292268753,"y":-0.6528934836387634,"z":0.19061832129955293,"w":-0.7037234306335449},"size":276.64495849609377,"orthographic":false}