{"cameraMode":{"drawMode":0,"name":"Shaded","section":"Shading Mode"},"sceneLighting":true,"audioPlay":false,"sceneViewState":{"showFog":true,"showMaterialUpdate":true,"showSkybox":true,"showFlares":true,"showImageEffects":true,"showParticleSystems":true},"in2DMode":false,"pivot":{"x":-19.634136199951173,"y":2.7094643115997316,"z":-246.99502563476563},"rotation":{"x":-0.025434426963329316,"y":-0.6205223798751831,"z":0.020069751888513566,"w":-0.7836865782737732},"size":0.6260484457015991,"orthographic":false}