{"cameraMode":{"drawMode":0,"name":"Shaded","section":"Shading Mode"},"sceneLighting":true,"audioPlay":false,"sceneViewState":{"showFog":true,"showMaterialUpdate":true,"showSkybox":true,"showFlares":true,"showImageEffects":true,"showParticleSystems":true},"in2DMode":false,"pivot":{"x":476.5162353515625,"y":-9.662456512451172,"z":49.59017562866211},"rotation":{"x":0.22894538938999177,"y":0.007301014848053455,"z":-0.0017158293630927802,"w":0.9734141826629639},"size":55.587894439697269,"orthographic":false}