{"cameraMode":{"drawMode":0,"name":"Shaded","section":"Shading Mode"},"sceneLighting":true,"audioPlay":false,"sceneViewState":{"showFog":true,"showMaterialUpdate":true,"showSkybox":true,"showFlares":true,"showImageEffects":true,"showParticleSystems":true},"in2DMode":false,"pivot":{"x":196.77760314941407,"y":1383.037109375,"z":847.8233642578125},"rotation":{"x":-0.10033424943685532,"y":-0.011427631601691246,"z":0.0012232166482135654,"w":-0.9949935674667358},"size":4469.7841796875,"orthographic":false}