{"cameraMode":{"drawMode":0,"name":"Shaded","section":"Shading Mode"},"sceneLighting":true,"audioPlay":false,"sceneViewState":{"showFog":true,"showMaterialUpdate":true,"showSkybox":true,"showFlares":true,"showImageEffects":true,"showParticleSystems":true},"in2DMode":false,"pivot":{"x":-19.407501220703126,"y":1.881488561630249,"z":-245.8345489501953},"rotation":{"x":-0.03796011209487915,"y":-0.7384902834892273,"z":0.04167482629418373,"w":-0.6719509959220886},"size":1.6892436742782593,"orthographic":false}