{"cameraMode":{"drawMode":0,"name":"Shaded","section":"Shading Mode"},"sceneLighting":true,"audioPlay":false,"sceneViewState":{"showFog":true,"showMaterialUpdate":true,"showSkybox":true,"showFlares":true,"showImageEffects":true,"showParticleSystems":true},"in2DMode":false,"pivot":{"x":24.521377563476564,"y":1.1854267120361329,"z":-0.3384777903556824},"rotation":{"x":0.08236423134803772,"y":0.03256987780332565,"z":-0.0026820958591997625,"w":0.9960801601409912},"size":11.860489845275879,"orthographic":false}