{"cameraMode":{"drawMode":0,"name":"Shaded","section":"Shading Mode"},"sceneLighting":true,"audioPlay":false,"sceneViewState":{"showFog":true,"showMaterialUpdate":true,"showSkybox":true,"showFlares":true,"showImageEffects":true,"showParticleSystems":true},"in2DMode":false,"pivot":{"x":517.7525024414063,"y":393.9796447753906,"z":156.72833251953126},"rotation":{"x":0.11316115409135819,"y":0.01322209369391203,"z":-0.0014835592592135072,"w":0.9936069250106812},"size":1324.0745849609375,"orthographic":false}