{"cameraMode":{"drawMode":0,"name":"Shaded","section":"Shading Mode"},"sceneLighting":false,"audioPlay":false,"sceneViewState":{"showFog":true,"showMaterialUpdate":true,"showSkybox":false,"showFlares":true,"showImageEffects":true,"showParticleSystems":true},"in2DMode":false,"pivot":{"x":-18.192245483398439,"y":-16.060871124267579,"z":-183.53587341308595},"rotation":{"x":-0.12507735192775727,"y":-0.0000387724612664897,"z":0.0000032217669740930434,"w":-0.9921936988830566},"size":71.74003601074219,"orthographic":false}