{"cameraMode":{"drawMode":0,"name":"Shaded","section":"Shading Mode"},"sceneLighting":true,"audioPlay":false,"sceneViewState":{"showFog":true,"showMaterialUpdate":true,"showSkybox":true,"showFlares":true,"showImageEffects":true,"showParticleSystems":true},"in2DMode":false,"pivot":{"x":-16.75023651123047,"y":-0.7700204849243164,"z":-248.21058654785157},"rotation":{"x":-0.11616576462984085,"y":-0.8783958554267883,"z":0.2714286744594574,"w":-0.37591540813446047},"size":5.6588969230651859,"orthographic":false}