{"cameraMode":{"drawMode":0,"name":"Shaded","section":"Shading Mode"},"sceneLighting":true,"audioPlay":false,"sceneViewState":{"showFog":true,"showMaterialUpdate":true,"showSkybox":true,"showFlares":true,"showImageEffects":true,"showParticleSystems":true},"in2DMode":false,"pivot":{"x":-14.526334762573243,"y":1.2524962425231934,"z":-253.4550018310547},"rotation":{"x":0.021029852330684663,"y":0.9599673748016357,"z":-0.0750303715467453,"w":0.26908835768699648},"size":11.826080322265625,"orthographic":false}