{"cameraMode":{"drawMode":0,"name":"Shaded","section":"Shading Mode"},"sceneLighting":true,"audioPlay":false,"sceneViewState":{"showFog":true,"showMaterialUpdate":true,"showSkybox":true,"showFlares":true,"showImageEffects":true,"showParticleSystems":true},"in2DMode":false,"pivot":{"x":-19.812238693237306,"y":2.9888477325439455,"z":-245.5762176513672},"rotation":{"x":-0.014669403433799744,"y":-0.7054843306541443,"z":0.01460350677371025,"w":-0.7084398865699768},"size":5.126048564910889,"orthographic":false}