{"cameraMode":{"drawMode":0,"name":"Shaded","section":"Shading Mode"},"sceneLighting":true,"audioPlay":false,"sceneViewState":{"showFog":true,"showMaterialUpdate":true,"showSkybox":true,"showFlares":true,"showImageEffects":true,"showParticleSystems":true},"in2DMode":false,"pivot":{"x":557.029541015625,"y":94.3166732788086,"z":227.95724487304688},"rotation":{"x":-0.25424328446388247,"y":0.08141025900840759,"z":-0.02148553915321827,"w":-0.9634779095649719},"size":986.0043334960938,"orthographic":false}