{"cameraMode":{"drawMode":0,"name":"Shaded","section":"Shading Mode"},"sceneLighting":true,"audioPlay":false,"sceneViewState":{"showFog":true,"showMaterialUpdate":true,"showSkybox":false,"showFlares":true,"showImageEffects":true,"showParticleSystems":true},"in2DMode":false,"pivot":{"x":-0.3449651002883911,"y":1.608296275138855,"z":0.11127929389476776},"rotation":{"x":0.07944879680871964,"y":0.7078829407691956,"z":-0.08058226853609085,"w":0.697267472743988},"size":1.8260483741760255,"orthographic":false}