{"cameraMode":{"drawMode":0,"name":"Shaded","section":"Shading Mode"},"sceneLighting":true,"audioPlay":false,"sceneViewState":{"showFog":true,"showMaterialUpdate":true,"showSkybox":true,"showFlares":true,"showImageEffects":true,"showParticleSystems":true},"in2DMode":false,"pivot":{"x":-15.73947811126709,"y":1.1500475406646729,"z":-245.73748779296876},"rotation":{"x":0.09047901630401612,"y":0.6796261072158814,"z":-0.08505283296108246,"w":0.7229770421981812},"size":6.0452351570129398,"orthographic":false}