{"cameraMode":{"drawMode":0,"name":"Shaded","section":"Shading Mode"},"sceneLighting":false,"audioPlay":false,"sceneViewState":{"showFog":true,"showMaterialUpdate":true,"showSkybox":false,"showFlares":true,"showImageEffects":true,"showParticleSystems":true},"in2DMode":false,"pivot":{"x":-19.33174705505371,"y":1.2183301448822022,"z":-246.41265869140626},"rotation":{"x":-0.08595803380012512,"y":-0.898590624332428,"z":0.20367035269737245,"w":-0.3791268467903137},"size":0.3333907723426819,"orthographic":false}