{"cameraMode":{"drawMode":0,"name":"Shaded","section":"Shading Mode"},"sceneLighting":false,"audioPlay":false,"sceneViewState":{"showFog":true,"showMaterialUpdate":false,"showSkybox":false,"showFlares":true,"showImageEffects":true,"showParticleSystems":true},"in2DMode":false,"pivot":{"x":0.6536397933959961,"y":2.250509738922119,"z":-18.59909439086914},"rotation":{"x":-0.11759679019451142,"y":0.7021178603172302,"z":-0.11930177360773087,"w":-0.6920801997184753},"size":0.414470911026001,"orthographic":false}