{"cameraMode":{"drawMode":0,"name":"Shaded","section":"Shading Mode"},"sceneLighting":true,"audioPlay":false,"sceneViewState":{"showFog":true,"showMaterialUpdate":true,"showSkybox":true,"showFlares":true,"showImageEffects":true,"showParticleSystems":true},"in2DMode":false,"pivot":{"x":-18.095069885253908,"y":1.5771849155426026,"z":-245.76622009277345},"rotation":{"x":-0.290596604347229,"y":-0.6452054977416992,"z":0.2911258041858673,"w":-0.6439059972763062},"size":2.3738746643066408,"orthographic":false}