{"cameraMode":{"drawMode":0,"name":"Shaded","section":"Shading Mode"},"sceneLighting":true,"audioPlay":false,"sceneViewState":{"showFog":true,"showMaterialUpdate":true,"showSkybox":true,"showFlares":true,"showImageEffects":true,"showParticleSystems":true},"in2DMode":false,"pivot":{"x":519.3748779296875,"y":28.599868774414064,"z":-0.9899978637695313},"rotation":{"x":-0.05950162932276726,"y":-0.780479371547699,"z":0.07515013217926026,"w":-0.6178191304206848},"size":99.97428131103516,"orthographic":false}