{"cameraMode":{"drawMode":0,"name":"Shaded","section":"Shading Mode"},"sceneLighting":false,"audioPlay":false,"sceneViewState":{"showFog":true,"showMaterialUpdate":true,"showSkybox":false,"showFlares":true,"showImageEffects":true,"showParticleSystems":true},"in2DMode":false,"pivot":{"x":-19.391021728515626,"y":1.9714796543121338,"z":-245.4752960205078},"rotation":{"x":-0.054662030190229419,"y":-0.7054647207260132,"z":0.05469194054603577,"w":-0.7045596837997437},"size":0.7892436385154724,"orthographic":false}