{"cameraMode":{"drawMode":0,"name":"Shaded","section":"Shading Mode"},"sceneLighting":true,"audioPlay":false,"sceneViewState":{"showFog":true,"showMaterialUpdate":true,"showSkybox":true,"showFlares":true,"showImageEffects":true,"showParticleSystems":true},"in2DMode":false,"pivot":{"x":660.8015747070313,"y":106.30388641357422,"z":129.07940673828126},"rotation":{"x":0.11324036866426468,"y":0.6989066004753113,"z":-0.11362843215465546,"w":0.6971330046653748},"size":362.1723327636719,"orthographic":false}