{"cameraMode":{"drawMode":0,"name":"Shaded","section":"Shading Mode"},"sceneLighting":true,"audioPlay":false,"sceneViewState":{"showFog":true,"showMaterialUpdate":true,"showSkybox":true,"showFlares":true,"showImageEffects":true,"showParticleSystems":true},"in2DMode":false,"pivot":{"x":572.1390991210938,"y":371.05841064453127,"z":283.26092529296877},"rotation":{"x":0.13633432984352113,"y":-0.06974959373474121,"z":0.009640254080295563,"w":0.988181471824646},"size":1572.71826171875,"orthographic":false}