{"cameraMode":{"drawMode":0,"name":"Shaded","section":"Shading Mode"},"sceneLighting":true,"audioPlay":false,"sceneViewState":{"showFog":true,"showMaterialUpdate":true,"showSkybox":true,"showFlares":true,"showImageEffects":true,"showParticleSystems":true},"in2DMode":false,"pivot":{"x":6.593244552612305,"y":1.2303259372711182,"z":0.11719711124897003},"rotation":{"x":0.10008131712675095,"y":0.5509398579597473,"z":-0.06677330285310745,"w":0.825853168964386},"size":4.478714942932129,"orthographic":false}