{"cameraMode":{"drawMode":0,"name":"Shaded","section":"Shading Mode"},"sceneLighting":true,"audioPlay":false,"sceneViewState":{"showFog":true,"showMaterialUpdate":false,"showSkybox":true,"showFlares":true,"showImageEffects":true,"showParticleSystems":true},"in2DMode":false,"pivot":{"x":-23.151262283325197,"y":-8.286046028137207,"z":9.349128723144532},"rotation":{"x":-0.36715829372406008,"y":-0.05051647499203682,"z":0.019853325560688974,"w":-0.9286283254623413},"size":39.10287857055664,"orthographic":false}