{"cameraMode":{"drawMode":0,"name":"Shaded","section":"Shading Mode"},"sceneLighting":true,"audioPlay":false,"sceneViewState":{"showFog":true,"showMaterialUpdate":true,"showSkybox":true,"showFlares":true,"showImageEffects":true,"showParticleSystems":true},"in2DMode":false,"pivot":{"x":-368.70452880859377,"y":617.9658203125,"z":-36.869117736816409},"rotation":{"x":0.00892670825123787,"y":0.12805138528347016,"z":0.0011437056818976999,"w":-0.991741418838501},"size":1972.3787841796875,"orthographic":false}