{"cameraMode":{"drawMode":0,"name":"Shaded","section":"Shading Mode"},"sceneLighting":true,"audioPlay":false,"sceneViewState":{"showFog":true,"showMaterialUpdate":true,"showSkybox":true,"showFlares":true,"showImageEffects":true,"showParticleSystems":true},"in2DMode":false,"pivot":{"x":-19.330904006958009,"y":1.7717872858047486,"z":-245.82545471191407},"rotation":{"x":0.10965259373188019,"y":0.8132765889167786,"z":-0.16263282299041749,"w":0.5480510592460632},"size":0.7578839659690857,"orthographic":false}