{"cameraMode":{"drawMode":0,"name":"Shaded","section":"Shading Mode"},"sceneLighting":true,"audioPlay":false,"sceneViewState":{"showFog":true,"showMaterialUpdate":true,"showSkybox":true,"showFlares":true,"showImageEffects":true,"showParticleSystems":true},"in2DMode":false,"pivot":{"x":636.28173828125,"y":119.64288330078125,"z":373.1437683105469},"rotation":{"x":0.012832381762564183,"y":0.10536082088947296,"z":0.0013125184923410416,"w":-0.9943797588348389},"size":375.9176940917969,"orthographic":false}