{"cameraMode":{"drawMode":0,"name":"Shaded","section":"Shading Mode"},"sceneLighting":true,"audioPlay":false,"sceneViewState":{"showFog":true,"showMaterialUpdate":true,"showSkybox":true,"showFlares":true,"showImageEffects":true,"showParticleSystems":true},"in2DMode":false,"pivot":{"x":-67.69985961914063,"y":22.480926513671876,"z":-248.48162841796876},"rotation":{"x":0.16080878674983979,"y":0.6995661854743958,"z":-0.16627632081508637,"w":0.6762788891792297},"size":6.044027328491211,"orthographic":false}