{"cameraMode":{"drawMode":0,"name":"Shaded","section":"Shading Mode"},"sceneLighting":true,"audioPlay":false,"sceneViewState":{"showFog":true,"showMaterialUpdate":true,"showSkybox":true,"showFlares":true,"showImageEffects":true,"showParticleSystems":true},"in2DMode":false,"pivot":{"x":10.801525115966797,"y":-1.0365374088287354,"z":0.7777271866798401},"rotation":{"x":0.1257777363061905,"y":0.6664422750473023,"z":-0.11550027877092362,"w":0.7257645130157471},"size":11.597122192382813,"orthographic":false}