{"cameraMode":{"drawMode":0,"name":"Shaded","section":"Shading Mode"},"sceneLighting":false,"audioPlay":false,"sceneViewState":{"showFog":true,"showMaterialUpdate":true,"showSkybox":false,"showFlares":true,"showImageEffects":true,"showParticleSystems":true},"in2DMode":false,"pivot":{"x":236.0825958251953,"y":96.6133041381836,"z":-125.36272430419922},"rotation":{"x":0.044680435210466388,"y":0.01799607463181019,"z":-0.0008180320146493614,"w":0.998866856098175},"size":22.0,"orthographic":false}