{"cameraMode":{"drawMode":0,"name":"Shaded","section":"Shading Mode"},"sceneLighting":true,"audioPlay":false,"sceneViewState":{"showFog":true,"showMaterialUpdate":true,"showSkybox":true,"showFlares":true,"showImageEffects":true,"showParticleSystems":true},"in2DMode":false,"pivot":{"x":-14.376768112182618,"y":2.572129249572754,"z":-248.28964233398438},"rotation":{"x":0.011897074989974499,"y":0.9879475831985474,"z":-0.09752236306667328,"w":0.11997240036725998},"size":16.29808807373047,"orthographic":false}