{"cameraMode":{"drawMode":0,"name":"Shaded","section":"Shading Mode"},"sceneLighting":false,"audioPlay":false,"sceneViewState":{"showFog":true,"showMaterialUpdate":false,"showSkybox":false,"showFlares":true,"showImageEffects":true,"showParticleSystems":true},"in2DMode":false,"pivot":{"x":3.492490530014038,"y":0.8293086886405945,"z":-0.029988711699843408},"rotation":{"x":0.07035581767559052,"y":0.6808823347091675,"z":-0.0659792497754097,"w":0.7260367274284363},"size":0.3735937476158142,"orthographic":false}