{"cameraMode":{"drawMode":0,"name":"Shaded","section":"Shading Mode"},"sceneLighting":true,"audioPlay":false,"sceneViewState":{"showFog":true,"showMaterialUpdate":true,"showSkybox":true,"showFlares":true,"showImageEffects":true,"showParticleSystems":true},"in2DMode":false,"pivot":{"x":-19.363483428955079,"y":1.9261265993118287,"z":-245.77484130859376},"rotation":{"x":-0.08664315193891525,"y":-0.6907495856285095,"z":0.08390234410762787,"w":-0.7130113840103149},"size":22.0,"orthographic":false}