{"cameraMode":{"drawMode":0,"name":"Shaded","section":"Shading Mode"},"sceneLighting":true,"audioPlay":false,"sceneViewState":{"showFog":true,"showMaterialUpdate":true,"showSkybox":true,"showFlares":true,"showImageEffects":true,"showParticleSystems":true},"in2DMode":false,"pivot":{"x":-17.39803123474121,"y":1.684146761894226,"z":-245.72581481933595},"rotation":{"x":-0.057527828961610797,"y":-0.6817545294761658,"z":0.053881414234638217,"w":-0.7273669242858887},"size":2.810756206512451,"orthographic":false}