{"cameraMode":{"drawMode":0,"name":"Shaded","section":"Shading Mode"},"sceneLighting":true,"audioPlay":false,"sceneViewState":{"showFog":true,"showMaterialUpdate":true,"showSkybox":true,"showFlares":true,"showImageEffects":true,"showParticleSystems":true},"in2DMode":false,"pivot":{"x":1492.908203125,"y":-148.1060791015625,"z":153.07034301757813},"rotation":{"x":-0.09026480466127396,"y":-0.7096148729324341,"z":0.09250549226999283,"w":-0.692734956741333},"size":910.58837890625,"orthographic":false}