{"cameraMode":{"drawMode":0,"name":"Shaded","section":"Shading Mode"},"sceneLighting":false,"audioPlay":false,"sceneViewState":{"showFog":true,"showMaterialUpdate":true,"showSkybox":false,"showFlares":true,"showImageEffects":true,"showParticleSystems":true},"in2DMode":false,"pivot":{"x":-19.429000854492189,"y":1.2890000343322755,"z":-246.35000610351563},"rotation":{"x":-0.12478072941303253,"y":-0.3338654935359955,"z":0.044604793190956119,"w":-0.9332969784736633},"size":0.0333908274769783,"orthographic":false}