{"cameraMode":{"drawMode":0,"name":"Shaded","section":"Shading Mode"},"sceneLighting":true,"audioPlay":false,"sceneViewState":{"showFog":true,"showMaterialUpdate":true,"showSkybox":true,"showFlares":true,"showImageEffects":true,"showParticleSystems":true},"in2DMode":false,"pivot":{"x":-17.825580596923829,"y":1.571092963218689,"z":-244.94482421875},"rotation":{"x":-0.12109524011611939,"y":-0.5142982602119446,"z":0.07363039255142212,"w":-0.8458342552185059},"size":3.573951244354248,"orthographic":false}