{"cameraMode":{"drawMode":0,"name":"Shaded","section":"Shading Mode"},"sceneLighting":true,"audioPlay":false,"sceneViewState":{"showFog":true,"showMaterialUpdate":true,"showSkybox":true,"showFlares":true,"showImageEffects":true,"showParticleSystems":true},"in2DMode":false,"pivot":{"x":-13.807357788085938,"y":0.5251061916351318,"z":-248.58883666992188},"rotation":{"x":0.07466273009777069,"y":0.8663204908370972,"z":-0.13625453412532807,"w":0.47473210096359255},"size":10.650761604309082,"orthographic":false}