{"cameraMode":{"drawMode":0,"name":"Shaded","section":"Shading Mode"},"sceneLighting":true,"audioPlay":false,"sceneViewState":{"showFog":true,"showMaterialUpdate":true,"showSkybox":true,"showFlares":true,"showImageEffects":true,"showParticleSystems":true},"in2DMode":false,"pivot":{"x":335.734130859375,"y":105.19060516357422,"z":-25.26622772216797},"rotation":{"x":-0.14499512314796449,"y":-0.009879707358777523,"z":0.0014988940674811602,"w":-0.9894878268241882},"size":1381.482177734375,"orthographic":false}