{"cameraMode":{"drawMode":0,"name":"Shaded","section":"Shading Mode"},"sceneLighting":false,"audioPlay":false,"sceneViewState":{"showFog":true,"showMaterialUpdate":true,"showSkybox":false,"showFlares":true,"showImageEffects":true,"showParticleSystems":true},"in2DMode":false,"pivot":{"x":-19.107027053833009,"y":1.2810536623001099,"z":-246.34954833984376},"rotation":{"x":-0.12507735192775727,"y":-0.0000387724612664897,"z":0.0000032217669740930434,"w":-0.9921936988830566},"size":1.4030656814575196,"orthographic":false}