{"cameraMode":{"drawMode":0,"name":"Shaded","section":"Shading Mode"},"sceneLighting":false,"audioPlay":false,"sceneViewState":{"showFog":true,"showMaterialUpdate":true,"showSkybox":false,"showFlares":true,"showImageEffects":true,"showParticleSystems":true},"in2DMode":false,"pivot":{"x":-19.438030242919923,"y":1.2553045749664307,"z":-246.2462615966797},"rotation":{"x":-0.19692543148994447,"y":-0.14359064400196076,"z":0.029150767251849176,"w":-0.9694594144821167},"size":1.1517307758331299,"orthographic":false}