{"cameraMode":{"drawMode":0,"name":"Shaded","section":"Shading Mode"},"sceneLighting":true,"audioPlay":false,"sceneViewState":{"showFog":true,"showMaterialUpdate":true,"showSkybox":true,"showFlares":true,"showImageEffects":true,"showParticleSystems":true},"in2DMode":false,"pivot":{"x":-19.802330017089845,"y":2.1808907985687258,"z":-245.82420349121095},"rotation":{"x":-0.1419561505317688,"y":-0.8531193137168884,"z":0.30167341232299807,"w":-0.40137094259262087},"size":0.6806834936141968,"orthographic":false}